Workbook

Sheet Bài toán 30 khách
A1: DỰ TOÁN DOANH THU & CHI PHÍ - QUY MÔ 30 KHÁCH
A3: Hạng mục | B3: Chi tiết | C3: Đơn giá / Số lượng | D3: Thành tiền
A4: Giá vé | B4: Đơn giá mỗi vé tham gia | C4: 499000
A5: Số lượng khách | B5: Tổng số khách (15 Nam & 15 Nữ) | C5: 30
A6: TỔNG DOANH THU | B6: 30 khách x Giá vé | C6: =C5 | D6: =C4*C5
A8: Chi phí F&B (Nước + Teabreak) | B8: 30 phần x 80.000 VNĐ | C8: =C5 | D8: =C8*80000
A9: Quà tặng lưu niệm (Nến thơm/Sách) | B9: 30 phần x 40.000 VNĐ | C9: =C5 | D9: =C9*40000
A10: In ấn Match Card, Prompt Card | B10: Bản in màu + Bút viết | C10: 1 | D10: 300000
A11: Thuê địa điểm (Lounge/Cafe VIP) | B11: Gói bao trọn khu vực riêng (3 giờ) | C11: 1 | D11: 2500000
A12: Thù lao MC/Host dẫn dắt | B12: Nhân sự chuyên nghiệp | C12: 1 | D12: 1200000
A13: Marketing & Lọc hồ sơ | B13: Chạy quảng cáo Facebook Ads + Telesale | C13: 1 | D13: 2500000
A14: Nhân sự điều phối/Đón khách | B14: 2 bạn hỗ trợ check-in, xoay bàn | C14: 1 | D14: 600000
A15: TỔNG CHI PHÍ | B15: Chi phí Biến đổi + Cố định | D15: =SUM(D8:D14)
A16: LỢI NHUẬN RÒNG/EVENT | B16: Doanh thu - Chi phí | D16: =D6-D15
A17: TỶ SUẤT LỢI NHUẬN | B17: Lợi nhuận ròng / Doanh thu | D17: =D16/D6

Sheet Bài toán 20 khách
A1: DỰ TOÁN DOANH THU & CHI PHÍ - QUY MÔ 20 KHÁCH
A3: Hạng mục | B3: Chi tiết | C3: Đơn giá / Số lượng | D3: Thành tiền
A4: Giá vé | B4: Đơn giá mỗi vé tham gia | C4: 499000
A5: Số lượng khách | B5: Tổng số khách (10 Nam & 10 Nữ) | C5: 20
A6: TỔNG DOANH THU | B6: 20 khách x Giá vé | C6: =C5 | D6: =C4*C5
A8: Chi phí F&B (Nước + Teabreak) | B8: 20 phần x 80.000 VNĐ | C8: =C5 | D8: =C8*80000
A9: Quà tặng lưu niệm (Nến thơm/Sách) | B9: 20 phần x 40.000 VNĐ | C9: =C5 | D9: =C9*40000
A10: In ấn Match Card, Prompt Card | B10: Bản in màu + Bút viết | C10: 1 | D10: 200000
A11: Thuê địa điểm (Phòng VIP/Lounge nhỏ) | B11: Bao trọn khu vực riêng quy mô 20 người | C11: 1 | D11: 2000000
A12: Thù lao MC/Host dẫn dắt | B12: Nhân sự chuyên nghiệp | C12: 1 | D12: 1200000
A13: Marketing & Lọc hồ sơ | B13: Chi phí quảng cáo & telesale chọn lọc | C13: 1 | D13: 1800000
A14: Nhân sự điều phối/Đón khách | B14: 1 bạn hỗ trợ check-in, xoay bàn | C14: 1 | D14: 300000
A15: TỔNG CHI PHÍ | B15: Chi phí Biến đổi + Cố định | D15: =SUM(D8:D14)
A16: LỢI NHUẬN RÒNG/EVENT | B16: Doanh thu - Chi phí | D16: =D6-D15
A17: TỶ SUẤT LỢI NHUẬN | B17: Lợi nhuận ròng / Doanh thu | D17: =D16/D6

Sheet So sánh hiệu quả
A1: BẢNG SO SÁNH HIỆU QUẢ KINH DOANH THEO QUY MÔ & GIÁ VÉ
A3: Quy mô khách | B3: Giá vé tham khảo | C3: Doanh thu dự kiến | D3: Chi phí dự kiến | E3: Lợi nhuận ròng | F3: Tỷ suất lợi nhuận
A4: 20 khách (10 cặp) | B4: 499000 | C4: ='Bài toán 20 khách'!D6 | D4: ='Bài toán 20 khách'!D15 | E4: ='Bài toán 20 khách'!D16 | F4: ='Bài toán 20 khách'!D17
A5: 20 khách (10 cặp) | B5: 690000 | C5: =B5*20 | D5: =2000*20 + 1000*20 + 200000 + 2000000 + 1200000 + 1800000 + 300000 | E5: =C5-D5 | F5: =E5/C5
A6: 30 khách (15 cặp) | B6: 499000 | C6: ='Bài toán 30 khách'!D6 | D6: ='Bài toán 30 khách'!D15 | E6: ='Bài toán 30 khách'!D16 | F6: ='Bài toán 30 khách'!D17
A7: 30 khách (15 cặp) | B7: 690000 | C7: =B7*30 | D7: =3000*30 + 1500*30 + 300000 + 2500000 + 1200000 + 2500000 + 600000 | E7: =C7-D7 | F7: =E7/C7
A9: * Lưu ý: Gói vé 690.000 VNĐ được tính toán dựa trên mức chi phí biến đổi được nâng cấp (F&B và quà lưu niệm cao cấp hơn).
